timestamp,open,high,low,close,volume
2025-03-14,252.5400,253.3700,217.0200,249.9800,717205710
2025-03-07,300.3400,303.9400,250.7300,262.6700,537122156
2025-02-28,338.1400,342.3973,273.6000,292.9800,527844539
2025-02-21,355.0100,367.3400,334.4200,337.8000,238750078
2025-02-14,356.2100,362.7000,325.1000,355.8400,459159830
2025-02-07,386.6800,394.0000,360.3400,361.6200,356635566
2025-01-31,394.8000,419.9900,384.4100,404.6000,356730932
2025-01-24,432.6400,433.2000,405.7800,406.5800,255401977
2025-01-17,383.2100,439.7400,380.0700,426.5000,396847556
2025-01-10,423.2000,426.4300,377.2900,394.7400,296542197
2025-01-03,419.4000,427.9300,373.0400,410.4400,346900211
2024-12-27,431.0000,465.3299,415.4112,431.6600,291567836
2024-12-20,441.0900,488.5399,417.6400,421.0600,645429899
2024-12-13,397.6100,436.3000,378.0100,436.2300,474962693
2024-12-06,352.3800,389.4900,348.2000,389.2200,349923951
2024-11-29,360.1400,361.9300,326.5900,345.1600,253250816
2024-11-22,340.7300,361.5300,330.0100,352.5600,428892998
2024-11-15,346.3000,358.6400,309.2200,320.7200,726819635
2024-11-08,244.5600,328.7100,238.8800,321.2200,625405564
2024-11-01,270.0000,273.5360,246.6300,248.9800,366288979
2024-10-25,218.9000,269.4900,212.1100,269.1900,537640455
2024-10-18,220.1300,224.2600,213.7400,220.7000,299317185
2024-10-11,249.0000,249.8300,214.3800,217.8000,416421896
2024-10-04,259.0400,264.8600,237.8100,250.0800,429710449
2024-09-27,242.6100,261.7500,241.9200,260.4600,378582771
2024-09-20,229.3000,244.2400,223.5300,238.2500,401668481
2024-09-13,216.2000,232.6700,213.6700,230.2900,361418443
2024-09-06,215.2600,235.0000,209.6400,210.7300,388463568
2024-08-30,218.7500,219.0900,202.5900,214.1100,311918353
2024-08-23,217.0700,228.2200,210.3200,220.3200,381622057
2024-08-16,199.0200,219.8000,194.6700,216.1200,389155956
2024-08-09,185.2200,203.8799,182.0000,200.0000,368934704
2024-08-02,224.9000,234.6800,205.7800,207.6700,464001152
2024-07-26,244.2100,255.7594,214.7100,219.8000,576337172
2024-07-19,255.9700,265.6000,236.8300,239.2000,587103140
2024-07-12,247.7100,271.0000,233.0912,248.2300,824144572
2024-07-05,201.0200,252.3700,200.8500,251.5200,661801938
2024-06-28,184.9700,203.2000,182.0100,197.8800,389591990
2024-06-21,177.9200,188.8100,177.0000,183.0100,297690969
2024-06-14,176.0600,191.0800,167.4100,178.0100,407043372
2024-06-07,178.1300,182.6389,172.1300,177.4800,312710972
2024-05-31,176.4000,182.6700,173.1600,178.0800,259618626
2024-05-24,177.5600,186.8750,173.2600,179.2400,402867388
2024-05-17,170.0000,180.0000,169.0000,177.4600,370347383
2024-05-10,183.8000,187.5600,167.7500,168.4700,377983065
2024-05-03,188.4200,198.8700,176.0200,181.1900,628370764
2024-04-26,140.5600,172.1200,138.8025,168.2900,649063934
2024-04-19,170.2400,170.6900,146.2200,147.0500,462858314
2024-04-12,169.3400,179.2200,167.7900,171.0500,450138092
2024-04-05,176.1700,177.1900,160.5100,164.9000,536821185
2024-03-28,168.7600,184.2500,168.7300,175.7900,346873723
2024-03-22,170.0200,178.1800,165.9000,170.8300,418091163
2024-03-15,175.4500,182.8700,160.5100,163.5700,499381990
2024-03-08,198.7300,199.7500,173.7000,175.3400,549590219
2024-03-01,192.2900,205.6000,192.0000,202.6400,488348794
2024-02-23,196.1300,199.4400,189.1300,191.9700,379971148
2024-02-16,192.1100,203.1700,182.1087,199.9500,495639529
2024-02-09,184.2600,194.1200,175.0100,193.5700,536016008
2024-02-02,185.6300,196.3593,182.0000,187.9100,540672852
2024-01-26,212.2600,217.8000,180.0600,183.2500,642909480
2024-01-19,215.1000,223.4900,207.5600,212.1900,429375220
2024-01-12,236.1400,241.2500,217.1501,218.8900,502418170
2024-01-05,250.0800,251.2500,234.9001,237.4900,420606080
2023-12-29,254.4900,265.1300,247.4300,248.4800,407257251
2023-12-22,253.7800,259.8400,247.0000,252.5400,550765074
2023-12-15,242.7400,254.1300,228.2000,253.5000,636290550
2023-12-08,235.7500,246.6600,233.2902,243.8400,578245318
2023-12-01,236.8900,252.7500,231.9000,238.8300,649667916
2023-11-24,234.0400,244.0100,231.0200,235.4500,422092683
2023-11-17,215.6000,246.7000,211.6101,234.3000,720156239
2023-11-10,223.9800,226.3200,205.6900,214.6500,614241373
2023-11-03,209.2800,226.3701,194.0700,219.9600,621700507
2023-10-27,210.0000,222.0500,202.5100,207.3000,585973376
2023-10-20,250.0500,257.1830,210.4200,211.9900,616410739
2023-10-13,255.3100,268.9400,250.2200,251.1200,541545143
2023-10-06,244.8100,263.6000,242.6200,260.5300,592798300
2023-09-29,243.3800,254.7700,234.5800,250.2200,588808971
2023-09-22,271.1600,273.9300,244.4800,244.8800,575237587
2023-09-15,264.2700,278.9800,260.6100,274.3900,663743610
2023-09-08,245.0000,258.0000,243.2650,248.5000,480301845
2023-09-01,242.5800,261.1800,235.3500,245.0100,605113105
2023-08-25,221.5512,240.8200,220.5800,238.5900,573767855
2023-08-18,235.7000,240.6600,212.3600,215.4900,556272451
2023-08-11,251.4500,253.6511,238.0200,242.6500,517873700
2023-08-04,267.4800,269.0800,250.4900,253.8600,467350209
2023-07-28,255.8500,272.9000,254.1200,266.4400,560761830
2023-07-21,286.6250,299.2900,255.8000,260.0200,723314005
2023-07-14,276.4700,285.3000,265.1000,281.3800,539813729
2023-07-07,276.4900,284.2500,272.8800,274.4300,485803346
2023-06-30,250.0650,264.4500,240.7000,261.7700,748633707
2023-06-23,261.5000,276.9900,248.2500,256.6000,721745073
2023-06-16,247.9400,263.6000,244.5900,260.5400,811787289
2023-06-09,217.8000,252.4200,212.5300,244.4000,848497515
2023-06-02,200.1000,217.2500,195.1200,213.9700,590603323
2023-05-26,180.7000,198.6000,178.2200,193.1700,685490829
2023-05-19,167.6550,181.9500,164.3500,180.1400,575071860
2023-05-12,173.7200,177.3800,166.5600,167.9800,582794740
2023-05-05,163.1700,170.7899,158.8300,170.0600,559718515
2023-04-28,164.6500,165.6500,152.3700,164.3100,663783956
2023-04-21,186.3200,189.6900,160.5600,165.0800,668486597
2023-04-14,179.9400,191.5846,176.1100,185.0000,617553456
2023-04-06,199.9100,202.6897,179.7400,185.0600,553750170
2023-03-31,194.4150,207.7900,185.4300,207.4600,623640604
2023-03-24,178.0800,200.6600,176.3500,190.4100,694177636
2023-03-17,167.4550,186.2199,163.9100,180.1300,712075329
2023-03-10,198.5400,198.6000,168.4400,173.4400,789636325
2023-03-03,202.0300,211.2300,186.0100,197.7900,807198448
2023-02-24,204.9900,209.7100,191.7800,196.8800,660435100
2023-02-17,194.4150,217.6500,187.6100,208.3100,1014364828
2023-02-10,193.0100,214.0000,189.5500,196.8900,973057671
2023-02-03,178.0500,199.0000,162.7800,189.9800,1091608981
2023-01-27,135.8700,180.6800,134.2700,177.9000,1095958317
2023-01-20,125.6950,136.6800,124.3082,133.4200,691307319
2023-01-13,118.9600,125.9500,114.9200,122.4000,891852239
2023-01-06,118.4700,118.8000,101.8100,113.0600,790689169
2022-12-30,117.4950,124.4800,108.2400,123.1800,809414633
2022-12-23,154.0000,155.2500,121.0200,123.1500,821451251
2022-12-16,176.1000,177.3700,150.0400,150.2300,687706165
2022-12-09,189.4400,191.2700,169.0600,179.0500,471983601
2022-12-02,179.9600,198.9200,178.7500,194.8600,439273798
2022-11-25,175.8500,185.2000,166.1850,182.8600,331544487
2022-11-18,192.7700,200.8237,176.5500,180.1900,390472869
2022-11-11,208.6500,208.9000,177.1200,195.9700,596889173
2022-11-04,226.1900,237.3951,203.0800,207.4700,342474516
2022-10-28,205.8200,233.8100,198.5863,228.5200,413072923
2022-10-21,210.0400,229.8200,202.0000,214.4400,415404010
2022-10-14,223.9300,226.9900,204.1600,204.9900,397406475
2022-10-07,254.5000,257.5000,222.0200,223.0700,448139986
2022-09-30,271.8300,289.0000,262.4700,265.2500,320014147
2022-09-23,300.0900,313.8000,272.8200,275.3300,318285640
2022-09-16,300.7200,309.1200,290.4000,303.3500,341416185
2022-09-09,272.6750,299.8500,265.7400,299.6800,213818141
2022-09-02,282.8300,288.4800,266.1500,270.2100,249374939
2022-08-26,875.7400,910.9400,287.4700,288.0900,169020694
2022-08-19,905.3600,944.0000,877.5000,890.0000,118385794
2022-08-12,885.0000,915.6000,838.0600,900.0900,143447053
2022-08-05,903.8250,940.8200,856.6340,864.5100,159380225
2022-07-29,816.6500,894.9600,768.7900,891.4500,133013375
2022-07-22,734.8100,842.3600,710.9300,816.7300,165932217
2022-07-15,756.3100,759.1900,675.1000,720.2000,144545065
2022-07-08,669.0000,764.9399,648.5001,752.2900,113472506
2022-07-01,748.1000,756.2100,656.5900,681.7900,143934321
2022-06-24,673.8100,740.5000,673.0000,737.1200,141431196
2022-06-17,669.5000,706.9899,626.0800,650.2800,173306821
2022-06-10,733.0600,766.6399,683.7400,696.6900,142601983
2022-06-03,773.8400,792.6300,700.2534,703.5500,128343063
2022-05-27,655.0200,759.8000,620.5700,759.6300,155144601
2022-05-20,767.1600,769.7600,633.0000,663.9000,163138813
2022-05-13,836.4500,845.6300,680.0000,769.5900,168299966
2022-05-06,860.7700,955.5000,843.1050,865.6500,128677405
2022-04-29,978.9700,1008.6200,821.7000,870.7600,164154275
2022-04-22,989.0300,1092.2200,973.4100,1005.0500,113841457
2022-04-14,980.4000,1026.2400,973.0970,985.0000,79625639
2022-04-08,1089.3800,1152.8700,1021.5401,1025.4900,128187848
2022-04-01,1065.1000,1114.7700,1053.6000,1084.5900,113080628
2022-03-25,914.9800,1040.7000,907.0900,1010.6400,145219138
2022-03-18,780.6100,907.8500,756.0400,905.3900,129644892
2022-03-11,856.3000,866.1400,782.1700,795.3500,112587689
2022-03-04,815.0100,889.8800,814.7075,838.2900,125740178
2022-02-25,834.1300,856.7338,700.0000,809.8700,129603556
2022-02-18,861.5700,926.4299,837.6100,856.9800,100126871
2022-02-11,923.7900,947.7700,850.7000,860.0000,103251907
2022-02-04,872.7100,943.7000,862.0500,923.3200,132282831
2022-01-28,904.7600,987.6900,792.0100,846.3500,208578950
2022-01-21,1026.6050,1070.7899,940.5000,943.9000,104996884
2022-01-14,1000.0000,1115.6000,980.0000,1049.6100,136822673
2022-01-07,1147.7500,1208.0000,1010.0000,1026.9600,153185108
2021-12-31,1073.6700,1118.9999,1053.1500,1056.7800,91687786
2021-12-23,910.7000,1072.9767,886.1200,1067.0000,104781767
2021-12-17,1001.0900,1005.0000,909.0401,932.5700,136074239
2021-12-10,1001.5100,1072.3800,950.5000,1017.0300,99585638
2021-12-03,1100.9900,1172.8399,1000.2100,1014.9700,124636821
2021-11-26,1162.3300,1201.9500,1062.0000,1081.9200,103485337
2021-11-19,1017.6300,1138.7199,978.6000,1137.0600,135304561
2021-11-12,1149.7850,1197.0000,987.3100,1033.4200,182318404
2021-11-05,1145.0000,1243.4900,1118.6600,1222.0900,178974628
2021-10-29,950.5300,1115.2100,944.2000,1114.0000,220925116
2021-10-22,851.7900,910.0000,851.4700,909.6800,109982713
2021-10-15,787.6500,843.2100,785.5000,843.0300,81512174
2021-10-08,796.5000,806.9699,773.2200,785.4900,99483120
2021-10-01,773.1200,799.0000,763.5900,775.2200,109382331
2021-09-24,734.5577,774.8000,718.6249,774.3900,89535196
2021-09-17,740.2143,761.0400,708.8500,759.4900,98962617
2021-09-10,740.0000,764.4500,734.5201,736.2700,68094762
2021-09-03,714.7150,741.9900,712.7300,733.5700,80731775
2021-08-27,685.4420,716.9700,680.7505,711.9200,73041547
2021-08-20,705.0700,709.5000,648.8400,680.2600,96329308
2021-08-13,710.1700,729.9000,699.4000,717.1700,72301742
2021-08-06,700.0000,726.9400,697.6300,699.1000,100781351
2021-07-30,650.9700,697.5300,627.2400,687.2000,133501299
2021-07-23,629.8900,664.8599,621.2900,643.3800,80448226
2021-07-16,662.2000,693.2800,637.8800,644.2200,105114865
2021-07-09,681.7115,684.0000,620.4600,656.9500,82990274
2021-07-02,671.6400,700.0000,670.3200,678.9000,103666230
2021-06-25,624.4800,697.6200,608.8800,671.8700,153549954
2021-06-18,612.2300,628.3500,593.5000,623.3100,107296122
2021-06-11,591.8250,623.0900,582.8800,609.8900,105306562
2021-06-04,627.8000,633.8000,571.2200,599.0500,95536458
2021-05-28,581.6000,635.5900,573.6500,625.2200,140310958
2021-05-21,575.5531,596.6800,546.9800,580.8800,165651036
2021-05-14,664.9000,665.0500,559.6500,589.7400,189275731
2021-05-07,703.8000,706.0000,650.0000,672.3700,129938147
2021-04-30,741.0000,749.3000,666.1400,709.4400,152350715
2021-04-23,719.6000,753.7700,691.8001,729.4000,170514922
2021-04-16,685.7000,780.7900,682.0900,739.7800,178634338
2021-04-09,707.7100,708.1600,667.8400,677.0200,141785455
2021-04-01,615.6400,692.4203,591.0100,661.7500,136705010
2021-03-26,684.5900,699.6200,599.8900,618.7100,176876942
2021-03-19,694.0900,713.1800,624.6201,654.8700,178254604
2021-03-12,600.5500,717.8500,558.7900,693.7300,249753690
2021-03-05,690.1100,721.1100,539.4900,597.9500,235272714
2021-02-26,762.6400,768.5000,619.0000,675.5000,217862425
2021-02-19,818.0000,821.0000,762.0100,781.3000,82596163
2021-02-12,869.6700,877.7700,785.3306,816.1200,116303534
2021-02-05,814.2900,880.5000,795.5601,852.2300,102112291
2021-01-29,855.0000,900.4000,780.1000,793.5300,153007757
2021-01-22,837.8000,859.5000,828.6200,846.6400,91697493
2021-01-15,849.4000,868.0000,803.6222,826.1600,208896134
2021-01-08,719.4600,884.4900,717.1895,880.0200,252137795
2020-12-31,674.5100,718.7200,655.0000,705.6700,146960321
2020-12-24,666.2400,668.5000,614.2300,661.7700,165945448
2020-12-18,619.0000,695.0000,605.0000,695.0000,417756359
2020-12-11,604.9197,654.3200,566.3400,609.9900,305424055
2020-12-04,602.2100,607.8000,541.2100,599.0400,221865368
2020-11-27,503.5000,598.7800,501.7900,585.7600,188810315
2020-11-20,408.9300,508.6112,404.0868,489.6100,261458208
2020-11-13,439.5000,452.5000,396.0301,408.5000,122245822
2020-11-06,394.0000,440.0000,392.3000,429.9500,145636427
2020-10-30,411.6300,430.5000,379.1100,388.0400,141620023
2020-10-23,446.2400,447.0000,407.3801,420.6300,174024764
2020-10-16,442.0000,465.9000,436.6000,439.6700,189748425
2020-10-09,423.3500,439.0000,406.0500,434.0000,206343526
2020-10-02,424.6200,448.8800,411.6000,415.0900,270378010
2020-09-25,453.1300,455.6800,351.3000,407.3400,447901291
2020-09-18,380.9500,461.9400,373.3000,442.1500,416051578
2020-09-11,356.0000,398.9900,329.8800,372.7200,340579527
2020-09-04,444.6100,502.4900,372.0201,418.3200,500060538
2020-08-28,2126.2750,2318.4900,1927.5200,2213.4000,88736115
2020-08-21,1677.0000,2095.4900,1672.8300,2049.9800,90804281
2020-08-14,1448.0000,1668.8000,1365.0000,1650.7100,71049854
2020-08-07,1449.2000,1527.4100,1415.0100,1452.7100,37091084
2020-07-31,1435.0000,1564.7000,1413.0003,1430.7600,61152261
2020-07-24,1519.0100,1689.0000,1366.5401,1417.0000,90613325
2020-07-17,1659.0000,1794.9900,1431.0000,1500.8400,102433380
2020-07-10,1276.6900,1548.9200,1266.0400,1544.6500,93458418
2020-07-02,969.0100,1228.0000,948.5201,1208.6600,56521929
2020-06-26,999.9500,1012.0000,937.1500,959.7400,41796671
2020-06-19,917.7900,1019.2000,908.5000,1000.9000,58070741
2020-06-12,919.0000,1027.4800,909.1600,935.2800,76806150
2020-06-05,858.0000,908.6600,854.1000,885.6600,53299992
2020-05-29,834.5000,835.0000,785.0000,835.0000,38727529
2020-05-22,827.7800,834.7200,796.0000,816.8800,50813894
2020-05-15,790.5100,843.2900,763.3000,799.1700,75692613
2020-05-08,701.0000,824.0000,698.0000,819.4200,75009750
2020-05-01,737.6100,869.8200,683.0400,701.3200,113123049
2020-04-24,732.7000,765.5700,673.7900,725.1500,75654810
2020-04-17,590.1600,774.9500,580.5300,753.8900,110415032
2020-04-09,511.2000,575.1800,497.9600,573.0000,59127644
2020-04-03,510.2600,542.9600,446.4000,480.0100,85543235
2020-03-27,433.6000,560.0000,410.5000,514.3600,92371954
2020-03-20,469.5000,494.8700,350.5100,427.5300,126590011
2020-03-13,605.3900,668.0000,502.0000,546.6200,87631076
2020-03-06,711.2600,806.9800,684.2700,703.4800,84543546
2020-02-28,839.0000,863.5000,611.5200,667.9900,95477818
2020-02-21,841.6000,944.7800,832.3600,901.0000,74095666
2020-02-14,800.0000,819.9900,735.0000,800.0300,90392165
2020-02-07,673.6900,968.9900,673.5200,748.0700,213540363
2020-01-31,541.9900,653.0000,539.2800,650.5700,88338175
2020-01-24,530.2500,594.5000,528.4100,564.8200,82820940
2020-01-17,493.5000,547.4100,492.0000,510.5000,108103392
2020-01-10,440.4700,498.8000,440.0000,478.1500,101006048
2020-01-03,428.7900,454.0000,402.0800,443.0100,50246804
2019-12-27,411.7800,435.3100,410.0000,430.3800,41992657
2019-12-20,362.5500,413.0000,362.5000,405.5900,73766620
2019-12-13,336.5900,365.2100,335.0800,358.3900,39149822
2019-12-06,329.4000,338.8600,327.2500,335.8900,29587630
2019-11-29,344.3200,344.5700,327.1000,329.9400,28331092
2019-11-22,352.9200,361.2000,330.0000,333.0400,41859203
2019-11-15,343.9500,356.3300,342.0000,352.1700,37105201
2019-11-08,314.8000,341.5000,309.2600,337.1400,44212958
2019-11-01,327.5400,340.8400,309.8000,313.3100,52514801
2019-10-25,258.3300,330.0000,250.1800,328.1300,80686938
2019-10-18,247.9000,264.7800,247.1300,256.9500,33910553
2019-10-11,229.8000,251.0800,228.5500,247.8900,38525904
2019-10-04,243.0000,245.9500,224.2800,231.4300,41557942
2019-09-27,240.0000,248.7100,218.3600,242.1300,49978992
2019-09-20,246.0000,248.1700,238.1600,240.6200,24292507
2019-09-13,230.0000,253.5000,228.9400,245.2000,33623515
2019-09-06,224.0800,229.8000,219.2100,227.4500,22721936
2019-08-30,213.6000,232.4400,211.5400,225.6100,28209102
2019-08-23,224.2100,229.0900,211.0000,211.4000,32406687
2019-08-16,232.9900,236.0000,211.5500,219.9400,32534854
2019-08-09,229.6000,239.8000,225.7500,235.0100,26541572
2019-08-02,227.0900,246.6800,226.0300,234.3400,40956550
2019-07-26,258.7500,266.0700,222.2500,228.0400,55388178
2019-07-19,248.0000,259.9600,244.8600,258.1800,40726701
2019-07-12,231.2400,245.3800,227.2800,245.0800,37932064
2019-07-05,230.2100,241.5700,222.2200,233.1000,38763877
2019-06-28,223.2400,227.2300,217.3500,223.4600,33631144
2019-06-21,215.4800,234.7400,214.2700,221.8600,51673266
2019-06-14,210.2500,223.3800,207.5100,214.9200,53037782
2019-06-07,185.5100,211.0000,176.9900,204.5000,76628366
2019-05-31,191.2000,195.0000,184.1000,185.1600,40614746
2019-05-24,202.8000,207.4000,186.2200,190.6300,97898995
2019-05-17,232.0100,234.5000,208.9200,211.0300,50653123
2019-05-10,250.0200,258.3500,236.0200,239.5200,40861509
2019-05-03,235.8600,256.6100,231.5000,255.0300,78749568
2019-04-26,269.0000,269.6800,231.1300,235.1400,78028556
2019-04-18,268.6300,275.0000,258.6300,273.2600,28314302
2019-04-12,277.6900,281.1600,265.6000,267.7000,39957682
2019-04-05,282.6200,296.1700,260.5900,274.9600,58278229
2019-03-29,259.7100,280.3300,254.4600,279.8600,39110574
2019-03-22,276.0000,278.0500,263.4600,264.5300,43682541
2019-03-15,283.5200,295.3900,274.4000,275.4300,43630112
2019-03-08,298.1200,299.0000,270.1000,284.1400,64459151
2019-03-01,297.9100,320.0000,288.7700,294.7900,59824993
2019-02-22,306.5600,311.5400,290.5000,294.7100,25960300
2019-02-15,311.6000,318.6000,301.0000,307.8800,26894679
2019-02-08,312.9800,324.2400,298.5000,305.8000,31498216
2019-02-01,292.9100,316.1000,287.7500,312.2100,42147975
2019-01-25,304.8200,308.0000,279.2800,297.0400,39866967
2019-01-18,342.3800,352.0000,299.7300,302.2600,43823109
2019-01-11,321.7200,348.4100,317.7500,347.2600,31088092
2019-01-04,337.7900,339.2100,297.3800,317.6900,32320286
2018-12-28,313.5000,336.2400,294.0900,333.8700,32237176
2018-12-21,362.0000,365.7000,311.8700,319.7700,40136847
2018-12-14,360.0000,377.8700,353.1200,365.7100,31652681
2018-12-07,360.0000,379.4900,350.7600,357.9700,36122141
2018-11-30,325.0000,351.6000,325.0000,350.4800,27187638
2018-11-23,356.3400,366.7500,325.5500,325.8300,26603030
2018-11-16,348.3700,355.7000,330.3400,354.3100,29262317
2018-11-09,340.5000,357.5800,330.1400,350.5100,34157979
2018-11-02,337.4700,349.2000,322.2600,346.4100,47045182
2018-10-26,260.6800,339.9000,252.5900,330.9000,92952515
2018-10-19,259.0600,282.7000,253.5000,260.0000,39178641
2018-10-12,264.5200,267.7600,247.7700,258.7800,53717647
2018-10-05,305.7700,316.8400,260.0000,261.9500,69274845
2018-09-28,298.4800,314.9600,260.5600,264.7700,59326690
2018-09-21,290.0400,305.9800,275.5000,299.1000,44129916
2018-09-14,273.2600,297.3300,271.0000,295.2000,46574892
2018-09-07,296.9400,298.1900,252.2500,263.2400,46043981
2018-08-31,318.0000,322.4400,297.7200,301.6600,40767581
2018-08-24,291.7000,327.3200,288.2000,322.8200,45270370
2018-08-17,361.1300,363.1900,303.5300,305.5000,51574211
2018-08-10,345.4600,387.4600,339.1500,355.4900,92747117
2018-08-03,295.9000,355.0000,286.1300,348.1700,58891866
2018-07-27,301.8400,310.7000,292.5500,297.1800,38011759
2018-07-20,311.7100,325.5000,306.2500,313.5800,31520990
2018-07-13,311.9900,327.6800,308.0000,318.8700,33549263
2018-07-06,360.0700,364.7800,296.2200,308.9000,57384228
2018-06-29,330.1200,357.0200,325.8000,342.9500,37607919
2018-06-22,355.4000,373.7300,332.0000,333.6300,51451989
2018-06-15,322.5100,364.6700,322.5000,358.1700,66829957
2018-06-08,294.3400,330.0000,286.7400,317.6600,52110709
2018-06-01,278.5100,295.0100,276.1500,291.8200,24500433
2018-05-25,281.3300,291.4900,273.4200,278.8500,32165170
2018-05-18,303.3200,304.9400,274.0000,276.8200,34152495
2018-05-11,297.5000,312.9900,295.1700,301.0600,30666799
2018-05-04,293.6100,306.8500,275.2300,294.0900,43745629
2018-04-27,291.2900,294.4700,276.5000,294.0800,23312899
2018-04-20,299.0000,301.0100,282.5100,290.2400,31614738
2018-04-13,300.3700,309.5000,289.2100,300.3400,43693001
2018-04-06,256.2600,309.2800,244.5900,299.3000,87496485
2018-03-29,307.3400,307.5900,248.2100,266.1300,58192993
2018-03-23,316.5000,322.4400,300.4500,301.5400,29609674
2018-03-16,328.6100,347.2100,319.0700,321.3500,34502311
2018-03-09,332.3900,337.7500,321.7400,327.1700,22073470
2018-03-02,353.5000,359.9900,322.9700,335.1200,27095733
2018-02-23,334.4700,354.9900,331.5000,352.0500,19909850
2018-02-16,316.1300,343.1200,306.2500,335.4900,26081845
2018-02-09,337.9700,348.6200,294.7600,310.4200,37630091
2018-02-02,339.8500,359.6600,338.2800,343.7500,23333591
2018-01-26,349.4000,360.5000,335.7100,342.8500,27994444
2018-01-19,337.5400,352.3000,334.8000,350.0200,23886776
2018-01-12,316.0000,344.8100,315.5000,336.2200,32546449
2018-01-05,312.0000,325.2500,305.6800,316.5800,23007314
2017-12-29,323.8300,323.9400,309.5400,311.3500,16989660
2017-12-22,344.9000,346.7300,324.8200,325.2000,26701975
2017-12-15,314.6300,347.4400,313.7500,343.4500,35352540
2017-12-08,306.5000,318.6341,300.0000,315.1300,25748643
2017-12-01,313.2500,320.0000,301.2300,306.5300,26829989
2017-11-24,313.7900,318.2300,304.7500,315.5500,23610531
2017-11-17,300.1300,326.6700,299.1100,315.0500,38582903
2017-11-10,307.0000,308.3600,296.3000,302.9900,26395521
2017-11-03,319.1800,332.6089,292.6300,306.0900,45364011
2017-10-27,349.8800,349.9500,316.6600,320.8700,30650197
2017-10-20,353.7600,363.0000,344.3400,345.1000,23453845
2017-10-13,349.6500,359.7800,342.6700,355.5700,26373796
2017-10-06,342.5200,360.0992,331.2800,356.8800,31277766
2017-09-29,353.1500,357.4690,335.4000,341.1000,31020949
2017-09-22,380.2500,389.6100,350.8800,351.0900,31009283
2017-09-15,351.3500,380.0000,350.0000,379.8100,30198929
2017-09-08,353.8000,355.4900,341.5600,343.4000,15341645
2017-09-01,347.2800,358.4400,338.7500,355.4000,18263329
2017-08-25,345.8200,356.6600,331.8500,348.0500,23663776
2017-08-18,364.6300,367.6600,345.8000,347.4600,21142880
2017-08-11,357.3500,370.0000,352.7500,357.7150,31829875
2017-08-04,335.5000,357.2700,311.2200,356.9100,49258414
2017-07-28,330.2400,347.5000,326.2900,335.0700,33361558
2017-07-21,325.5400,331.6500,313.4500,328.4000,32336986
2017-07-14,312.9000,333.1000,303.1300,327.7800,49530808
2017-07-07,370.2400,371.3500,306.3000,313.2200,56423771
2017-06-30,386.6900,386.9500,354.1000,361.6100,33644720
2017-06-23,375.0000,386.9900,367.8000,383.4500,32351299
2017-06-16,357.9900,384.2500,350.6200,371.4000,51533459
2017-06-09,338.5000,376.8700,334.2100,357.3200,53112475
2017-06-02,326.0000,344.8800,325.7600,339.8500,30676943
2017-05-26,312.8000,325.4900,303.4800,325.1400,26126331
2017-05-19,318.3800,320.2000,305.3100,310.8300,28595930
2017-05-12,310.9000,327.0000,305.8200,324.8100,31066200
2017-05-05,314.8800,327.6599,290.7601,308.3500,42126055
2017-04-28,309.2200,314.8000,305.8600,314.0700,23806017
2017-04-21,302.7000,309.1500,297.9000,305.6000,21731566
2017-04-13,309.1500,313.7299,295.3000,304.0000,28724351
2017-04-07,286.9000,304.8800,284.5800,302.5400,41987629
2017-03-31,260.6000,282.0000,259.7500,278.3000,25337622
2017-03-24,260.6000,264.8000,250.2400,263.1600,23549643
2017-03-17,244.8200,265.7500,242.7810,261.5000,29581526
2017-03-10,247.9100,253.8900,243.0000,243.6900,17489184
2017-03-03,248.1700,254.8500,242.0100,251.5700,28629510
2017-02-24,275.4500,283.4500,250.2000,257.0000,37518597
2017-02-17,270.7400,287.3900,264.1500,272.2300,32657156
2017-02-10,251.0000,271.1800,250.6300,269.2300,23180267
2017-02-03,252.5300,255.8900,247.1000,251.3300,16562505
2017-01-27,245.8500,258.4600,245.5000,252.9500,22693209
2017-01-20,236.7000,248.6800,234.3700,244.7300,20323067
2017-01-13,228.9700,237.8500,225.5800,237.7500,21173453
2017-01-06,214.8600,230.3100,210.9600,229.0100,28576313
2016-12-30,214.8800,223.8000,211.6800,213.6900,18385776
2016-12-23,202.4900,213.4500,199.8400,213.3400,21166336
2016-12-16,192.8000,203.0000,191.0400,202.4900,20430143
2016-12-09,182.5100,193.8360,182.5100,192.1800,18842365
2016-12-02,195.4800,199.3500,180.0000,181.4700,21684267
2016-11-25,185.0400,197.2372,183.7100,196.6500,17222395
2016-11-18,188.0000,193.0000,178.1900,185.0200,23986074
2016-11-11,193.5900,197.4900,180.4200,188.5600,26049602
2016-11-04,202.4900,202.4900,185.9600,190.5600,23804757
2016-10-28,201.0000,213.7000,199.8300,199.9700,28203302
2016-10-21,197.0500,206.6600,192.0000,200.0900,25242017
2016-10-14,201.3500,204.1400,196.3000,196.5100,14380671
2016-10-07,212.3000,215.6688,195.8000,196.6100,19615327
2016-09-30,206.5000,211.0000,199.5500,204.0300,13169214
2016-09-23,207.0000,210.1800,201.5600,207.4500,12631620
2016-09-16,195.0000,205.7000,193.4500,205.4000,15756694
2016-09-09,199.0200,206.4968,193.7000,194.4700,15166433
2016-09-02,220.1500,220.4000,196.2000,197.7800,23632295
2016-08-26,224.1700,228.4900,218.8200,219.9900,13422115
2016-08-19,226.0200,229.5000,222.2900,225.0000,9462599
2016-08-12,228.0000,231.5375,223.4100,225.6100,10504194
2016-08-05,235.5000,236.6300,221.4000,230.0300,19190687
2016-07-29,222.2700,235.2800,221.3715,234.7900,16299604
2016-07-22,219.6400,229.8000,218.3000,222.2700,16103961
2016-07-15,219.9600,227.5000,219.5100,220.4000,18483131
2016-07-08,209.7300,219.8100,208.0000,216.7800,17782007
2016-07-01,190.8600,218.2400,187.8700,216.5000,29670715
2016-06-24,219.5000,223.7500,189.7300,193.1500,48984154
2016-06-17,219.5000,225.7700,212.5300,215.4700,16234590
2016-06-10,218.0000,240.8450,215.4500,218.7900,24953754
2016-06-03,223.0400,224.7497,216.8900,218.9900,10033499
2016-05-27,219.8700,225.9300,215.1800,223.0400,18971633
2016-05-20,208.1500,220.5500,204.0200,220.2800,27283909
2016-05-13,215.7200,216.1500,203.6572,207.6100,20482120
2016-05-06,241.5000,243.1900,208.1100,214.9300,33786680
2016-04-29,253.0100,257.3800,237.8100,240.7600,18032772
2016-04-22,252.2300,258.3100,241.2510,253.7500,22392325
2016-04-15,251.0000,258.9900,243.6300,254.5100,27735047
2016-04-08,249.1200,269.3400,240.0000,250.0700,51349611
2016-04-01,231.6100,247.9000,225.0000,237.5900,35983378
2016-03-24,235.3400,239.8800,215.0000,227.7500,19533551
2016-03-18,212.6500,234.4800,210.6400,232.7400,19257545
2016-03-11,197.6800,213.2900,197.4000,207.5000,21059948
2016-03-04,192.4000,204.0300,181.5000,201.0400,27391628
2016-02-26,170.1200,192.0000,167.8400,190.3400,28255892
2016-02-19,158.7000,172.9500,154.1100,166.5800,18265917
2016-02-12,157.1050,163.2600,141.0500,151.0400,49859296
2016-02-05,188.7600,199.5200,157.7442,162.6000,32825595
2016-01-29,200.0600,203.5700,182.4100,191.2000,18725183
2016-01-22,208.7100,210.4700,191.2500,202.5500,16167498
2016-01-15,214.0100,214.4500,193.3800,204.9900,23379136
2016-01-08,230.7200,231.3800,210.7700,211.0000,20975335
2015-12-31,231.4900,243.6340,225.5400,240.0100,10720553
2015-12-24,231.6900,236.5500,228.1300,230.5700,6179925
2015-12-18,217.5100,237.7600,214.8700,230.4600,16493091
2015-12-11,227.7000,235.6300,216.6400,217.0200,14230030
2015-12-04,231.7900,238.6000,227.6600,230.3800,14888403
2015-11-27,217.3500,232.2500,214.6798,231.6100,10946624
2015-11-20,206.0900,226.1900,205.8000,220.0100,14790718
2015-11-13,232.9900,232.9900,206.5200,207.1900,18161900
2015-11-06,208.9200,234.5843,207.2200,232.3600,31928932
2015-10-30,211.3800,217.1000,203.8900,206.9300,15883413
2015-10-23,226.5000,231.1500,202.0000,209.0900,28652034
2015-10-16,222.9900,230.4805,211.1300,227.0100,19291010
2015-10-09,248.8400,249.8400,218.3600,220.6900,28031307
2015-10-02,257.3500,259.7900,234.9300,247.5700,22461718
2015-09-25,263.9800,271.5700,255.8000,256.9100,19606869
2015-09-18,251.1000,265.5000,249.5000,260.6200,17590274
2015-09-11,245.0500,254.2500,244.0500,250.2400,11588887
2015-09-04,245.7700,254.9500,236.9700,241.9300,22668096
2015-08-28,202.7900,251.4500,195.0000,248.4800,32041553
2015-08-21,255.5600,260.9500,230.5100,230.7700,26471998
2015-08-14,238.1500,247.9300,232.7400,243.1500,21243948
2015-08-07,266.2900,271.0000,236.1200,242.5100,29401206
2015-07-31,262.4300,269.3599,250.7900,266.1500,15637207
2015-07-24,275.0000,286.6500,260.8600,265.4100,19255837
2015-07-17,262.2500,275.5400,256.0500,274.6600,13509641
2015-07-10,278.8800,281.6900,254.3100,259.1500,22393071
2015-07-02,261.9500,282.4500,260.7000,280.0200,15830998
2015-06-26,262.1500,271.4100,255.6900,267.0900,17531828
2015-06-19,249.7000,264.3600,246.0100,262.5100,14929489
2015-06-12,250.8500,258.7500,248.5000,250.6900,14548989
2015-06-05,251.4100,251.6000,245.6800,249.1400,11897012
2015-05-29,247.6800,252.8677,245.0500,250.8000,14343448
2015-05-22,247.0000,251.0000,241.3721,247.7300,14976744
2015-05-15,236.2900,249.4000,235.3100,248.8400,24899355
2015-05-08,228.1800,239.5000,220.2500,236.6100,29626547
2015-05-01,222.5600,238.7500,220.4050,226.0300,30887629
2015-04-24,206.7800,221.8800,203.8500,218.4250,20693856
2015-04-17,210.4350,213.0000,203.5000,206.7900,12865556
2015-04-10,198.0000,211.6500,197.5000,210.9000,30974693
2015-04-02,185.8500,193.7600,181.8000,191.0000,23921074
2015-03-27,198.5000,203.7900,181.4000,185.0000,24744778
2015-03-20,192.0000,204.5900,189.8000,198.0800,28088482
2015-03-13,194.3900,196.1800,187.3200,188.6800,26874878
2015-03-06,202.7000,206.1900,192.1510,193.8800,28165809
2015-02-27,215.6600,218.2000,201.7000,203.3400,29367794
2015-02-20,205.7000,217.6000,201.5000,217.1100,17829482
2015-02-13,215.3800,220.5000,193.2800,203.7700,40472677
2015-02-06,203.9700,225.4800,203.3000,217.3600,19047685
2015-01-30,201.8300,208.6200,196.5000,203.6000,15720217
2015-01-23,193.8700,203.5000,187.0400,201.2900,16215501
2015-01-16,203.0500,207.6100,185.0000,193.0700,30799137
2015-01-09,214.5500,216.5000,204.2100,206.6600,22622034
2015-01-02,226.9000,227.9100,213.2600,219.3100,12881610
2014-12-26,220.0000,228.5000,218.2600,227.8200,13980772
2014-12-19,209.2900,220.4000,192.6500,219.2900,35406001
2014-12-12,221.5400,224.8600,204.2700,207.0000,39839440
2014-12-05,241.1600,242.4700,222.2600,223.7100,29756957
2014-11-28,245.2000,249.7200,240.6400,244.5200,12051019
2014-11-21,257.4900,259.9900,242.1700,242.7800,27490754
2014-11-14,239.1100,258.8500,236.8000,258.6800,30737772
2014-11-07,243.0000,247.5600,228.5000,240.2000,37451505
2014-10-31,234.2500,244.6000,220.3100,241.7000,32040983
2014-10-24,226.7200,237.8000,225.5100,235.2400,18720237
2014-10-17,238.5700,238.9628,217.3200,227.4800,43496954
2014-10-10,259.1300,265.5400,235.2000,236.9100,37532830
2014-10-03,244.0000,256.5000,235.6500,255.2100,29459990
2014-09-26,255.0000,256.0200,244.7100,246.6000,26239129
2014-09-19,274.3700,274.4000,249.1300,259.3200,40436700
2014-09-12,277.6200,285.4900,273.6600,279.2000,20932400
2014-09-05,275.5000,291.4200,272.5100,277.3900,36062000
2014-08-29,258.1900,272.0000,258.1900,269.7000,20403100
2014-08-22,263.2500,267.2600,251.6200,256.7800,19936100
2014-08-15,255.4800,265.6400,254.5801,262.0100,29354100
2014-08-08,234.3800,256.6880,233.2700,248.1300,33121300
2014-08-01,224.2500,237.5000,221.0400,233.2700,34388400
2014-07-25,217.2500,226.9700,216.7200,223.5700,15968100
2014-07-18,219.9900,228.7900,213.6000,220.0201,25869300
2014-07-11,227.5000,229.7800,214.2700,218.1300,26011500
2014-07-03,239.5500,244.4900,224.0000,229.2500,22358800
2014-06-27,229.5100,241.8800,228.2200,239.0600,32425000
2014-06-20,206.7600,235.5400,206.2600,229.5900,47077000
2014-06-13,207.9500,209.9900,199.2510,206.4200,19835900
2014-06-06,207.3300,210.8100,200.3960,208.1710,19071700
2014-05-30,208.5200,214.8000,205.2600,207.7700,20109800
2014-05-23,190.7200,207.7600,190.0000,207.3000,25624500
2014-05-16,183.8700,193.4800,179.8800,191.5600,30034300
2014-05-09,209.4800,218.6596,177.2200,182.2600,49514800
2014-05-02,200.0000,214.0200,190.5000,210.9100,26788400
2014-04-25,197.0800,219.3300,194.0000,199.8500,34850400
2014-04-17,207.6000,208.4400,184.3200,198.1200,34491300
2014-04-11,205.8100,218.4500,198.6000,203.7800,38181400
2014-04-04,216.5000,235.7300,206.3900,212.2250,48803000
2014-03-28,229.7500,229.9000,203.0000,212.3700,45282000
2014-03-21,234.9500,241.5500,227.5000,228.8900,29261000
2014-03-14,242.7000,247.5000,228.3200,230.9700,40818600
2014-03-07,237.2600,260.0000,234.9900,246.2100,42944000
2014-02-28,208.7599,265.0000,208.3200,244.8100,98100300
2014-02-21,205.2440,215.2100,193.4100,209.6000,51322900
2014-02-14,189.3400,202.7200,189.3200,198.2300,43041600
2014-02-07,182.8900,186.6300,169.3600,186.5300,33489300
2014-01-31,175.1600,186.0000,164.7100,181.4100,35819100
2014-01-24,171.2400,182.3800,170.8100,174.6000,32289000
2014-01-17,145.7800,173.2000,136.6710,170.0100,75554300
2014-01-10,150.0000,153.7000,142.2500,145.7199,29386500
2014-01-03,151.1200,154.8100,146.5500,149.5600,19613300
2013-12-27,144.8500,158.0000,142.6010,151.1200,27916700
2013-12-20,148.4800,154.9000,139.1000,143.2400,48904800
2013-12-13,137.0000,151.8000,134.2100,147.6540,48307200
2013-12-06,126.3500,144.9400,123.9310,137.3600,63779300
2013-11-29,124.5000,130.5900,116.1000,127.2800,46236600
2013-11-22,135.2700,135.4500,117.9300,121.3800,79804500
2013-11-15,141.0000,145.4200,134.1110,135.4500,63745000
2013-11-08,165.0000,181.4300,132.3200,137.9500,111421800
2013-11-01,170.1800,170.5000,153.0000,162.1700,46869600
2013-10-25,183.2800,183.3900,160.1500,169.6600,54660400
2013-10-18,175.0000,188.7890,174.1500,183.4000,39589300
2013-10-11,182.4600,186.7300,161.5000,178.7000,57754300
2013-10-04,189.0000,194.5000,168.0000,180.9800,75686500
2013-09-27,184.4800,191.2800,177.1100,190.9000,35230300
2013-09-20,168.0000,185.8300,163.3610,183.3900,47507800
2013-09-13,163.1200,167.8950,158.5100,165.5400,40706000
2013-09-06,173.4000,173.7000,165.1500,166.9700,38841800
2013-08-30,165.1500,173.0000,160.2500,169.0000,76942500
2013-08-23,143.4269,162.3000,142.8300,161.8390,44246500
2013-08-16,149.4300,150.5000,135.0000,142.0000,52642200
2013-08-09,140.0100,158.8800,132.3600,153.0000,73841900
2013-08-02,129.3200,138.2500,128.1800,138.0000,40751100
2013-07-26,119.8900,130.6800,119.5600,129.3900,39320600
2013-07-19,133.0300,133.2590,104.5000,119.6800,85611700
2013-07-12,121.3700,129.9400,118.8200,129.9000,40845200
2013-07-05,109.3600,121.8900,109.1500,120.0900,34593100
2013-06-28,96.5000,110.2500,95.3000,107.3600,34064600
2013-06-21,103.6000,107.1300,97.5000,99.5500,46265500
2013-06-14,98.9300,102.5200,94.0500,100.3000,38341600
2013-06-07,97.6200,102.9000,88.2500,102.0400,60443000
2013-05-31,101.5500,114.9000,97.7300,97.7600,76097100
2013-05-24,91.1200,97.9500,83.0500,97.0800,54061000
2013-05-17,80.9900,97.1200,78.1100,91.5000,117075700
2013-05-10,56.3900,81.0000,55.1200,76.7640,74815200
2013-05-03,51.7600,58.1800,51.2000,54.5500,18334200
2013-04-26,48.6000,53.7400,47.7500,51.2000,16721200
2013-04-19,43.5000,49.8800,42.5100,47.8300,13359900
2013-04-12,41.9700,45.1390,40.3300,43.7500,12093000
2013-04-05,42.3600,46.6800,40.2105,41.3700,30211700
2013-03-28,37.1000,38.5200,36.7700,37.8900,6642000
2013-03-22,35.3000,37.0600,34.9200,36.6200,5424100
2013-03-15,38.8700,39.4900,35.2100,35.2900,8977200
2013-03-08,34.7700,39.4400,34.7000,38.4700,7065100
2013-03-01,36.1500,36.7500,33.8000,34.6500,11123000
2013-02-22,37.3600,39.6500,34.5400,36.1100,17408500
2013-02-15,37.9800,39.1500,36.9500,37.0400,9502700
2013-02-08,38.4000,40.0000,37.5900,39.2400,6667800
2013-02-01,36.8600,38.7100,36.8600,38.3000,6382700
2013-01-25,34.5600,37.7200,34.2600,36.9800,6742700
2013-01-18,33.0800,34.8500,32.8500,34.5200,8919300
2013-01-11,34.8000,34.8000,32.1100,32.9100,4909700
2013-01-04,33.0000,35.4500,33.0000,34.4000,3205700
2012-12-28,33.6400,34.5000,33.0000,33.2200,1952400
2012-12-21,33.7700,35.2600,33.5800,34.0000,6091200
2012-12-14,34.4300,35.8000,32.7500,33.8100,7740500
2012-12-07,33.8900,35.0000,33.5000,34.1700,5335300
2012-11-30,32.1000,34.2900,31.5200,33.8200,5455500
2012-11-23,32.0700,33.4700,31.7000,32.1300,3708400
2012-11-16,30.2900,32.1200,30.1600,31.8399,4318200
2012-11-09,29.8000,32.0500,29.3300,30.3200,8224400
2012-11-02,27.7000,29.5500,27.3700,28.9182,2829600
2012-10-26,27.9900,28.5600,27.0200,27.3800,3290700
2012-10-19,28.0000,28.9900,26.8600,27.7400,4384400
2012-10-12,28.8600,29.4000,27.5000,27.6400,4024500
2012-10-05,29.5000,30.1000,28.6500,28.8900,5146100
2012-09-28,29.5100,31.0300,27.4800,29.2800,14611500
2012-09-21,32.3500,32.7800,29.5400,30.0200,8832200
2012-09-14,29.2000,30.6500,27.2950,30.3900,6664700
2012-09-07,28.5200,29.5700,27.8100,29.3500,3186700
2012-08-31,29.5700,29.7000,28.0000,28.5200,4788200
2012-08-24,30.1500,30.8500,29.0000,29.5000,5616600
2012-08-17,29.6900,31.3000,28.8100,30.0100,3366100
2012-08-10,27.5500,30.9000,27.5500,29.9400,6604300
2012-08-03,29.5100,30.2480,25.5200,27.2700,7747200
2012-07-27,31.0500,31.3000,27.6400,29.5100,9664600
2012-07-20,34.3200,36.0000,31.0600,31.7900,10199600
2012-07-13,30.9400,34.4000,30.6700,34.2500,4738000
2012-07-06,31.3500,31.7995,30.1900,30.9900,4300900
2012-06-29,33.9400,34.1200,30.6200,31.2900,7199500
2012-06-22,29.9400,34.5000,29.5000,33.7850,10528800
2012-06-15,30.3100,31.0000,28.6200,29.9100,3568100
2012-06-08,28.0300,30.1900,27.1100,30.0800,3944900
2012-06-01,30.0100,31.9300,27.7600,28.1500,4961700
2012-05-25,27.5800,31.3400,27.1200,29.8100,6894400
2012-05-18,31.9200,32.1300,26.8300,27.5600,6989200
2012-05-11,31.9600,34.6800,29.3700,32.2500,12980700
2012-05-04,33.2700,34.3900,31.4000,31.8300,3659000
2012-04-27,32.8600,33.6300,31.0000,33.3400,3293800
2012-04-20,33.4100,33.7299,31.5300,33.1600,4634900
2012-04-13,34.1000,34.4800,32.0100,33.5900,6292400
2012-04-05,37.3300,38.4696,34.4100,34.4800,8117900
2012-03-30,35.5900,39.9500,35.0414,37.2400,8317500
2012-03-23,35.2600,35.3200,33.1500,34.0800,3882800
2012-03-16,34.6900,36.5900,34.6000,35.3200,5117300
2012-03-09,34.3500,35.3100,32.6200,34.7400,3592400
2012-03-02,33.4100,34.5000,33.0000,34.0400,3007400
2012-02-24,34.8700,34.9700,32.5000,33.7500,4570700
2012-02-17,31.5500,34.9700,30.9000,34.9700,9326900
2012-02-10,31.1000,32.9000,29.8400,31.1000,5448700
2012-02-03,29.4900,31.3300,28.5290,31.1500,3778800
2012-01-27,26.8100,29.7200,26.4399,29.3300,4083300
2012-01-20,26.6200,27.7400,26.2500,26.6000,7820400
2012-01-13,27.0000,28.6200,22.6400,22.7900,8470800
2012-01-06,28.9400,29.5000,26.4100,26.9100,3550000
2011-12-30,27.6600,29.3400,27.6400,28.5600,2180700
2011-12-23,28.0900,28.5000,26.0300,27.9000,5136600
2011-12-16,30.4400,30.9300,27.9800,28.0000,4646700
2011-12-09,33.5300,35.0000,29.6100,31.0400,7331500
2011-12-02,32.0000,33.9900,31.6300,33.3000,3865600
2011-11-25,32.4400,32.7900,31.0500,31.6600,2455600
2011-11-18,33.0000,35.0000,32.5400,32.6000,6302000
2011-11-11,31.6400,34.5000,30.3000,33.6400,8003500
2011-11-04,29.5000,32.4900,28.0000,32.3100,8187100
2011-10-28,27.8700,30.0000,27.4000,29.8700,4238900
2011-10-21,27.8600,28.4275,26.7100,28.0300,4689400
2011-10-14,27.3100,28.5500,27.0000,28.0500,5066600
2011-10-07,24.9500,27.6000,22.9300,26.9900,6533700
2011-09-30,26.5200,26.9900,23.4900,24.3900,4598300
2011-09-23,24.9500,26.9500,23.8200,26.3800,5257600
2011-09-16,22.7350,25.8400,22.4500,25.8000,4103600
2011-09-09,22.5000,24.0300,22.2900,22.9700,2444000
2011-09-02,24.2200,25.5000,22.6800,23.0700,3611400
2011-08-26,23.1100,23.9500,21.5000,23.7300,3981000
2011-08-19,26.6200,26.7500,22.0000,22.3000,4351900
2011-08-12,23.1000,27.1400,23.1000,26.3100,7351700
2011-08-05,28.6700,29.2000,22.8300,24.2400,9537700
2011-07-29,29.0100,29.2500,27.5000,28.1700,4279300
2011-07-22,27.3400,30.4400,26.6300,29.2900,6521300
2011-07-15,28.4000,29.0900,27.2500,27.5800,4955200
2011-07-08,29.0200,30.0000,28.5500,28.8100,4491400
2011-07-01,27.7300,29.6000,27.3100,29.0200,5962000
2011-06-24,26.2900,28.2500,25.5000,27.5650,9287900
2011-06-17,28.0700,29.7000,25.7400,26.5000,8188000
2011-06-10,29.1000,30.1300,27.0200,27.8600,8418900
2011-06-03,29.6900,31.5000,28.3800,30.1300,12015900
2011-05-27,27.6200,29.7600,26.1700,29.5500,11194400
2011-05-20,27.9900,28.4400,25.5200,27.9700,6217000
2011-05-13,27.0000,28.9500,26.6500,27.5500,4703700
2011-05-06,27.6000,27.8000,25.7500,27.1200,4943200
2011-04-29,26.7000,27.8700,25.9700,27.6000,5523800
2011-04-21,25.1300,26.9800,24.3600,26.7400,3805900
2011-04-15,26.4700,26.5300,24.2000,25.5800,5865200
2011-04-08,26.8300,27.9400,25.2300,26.4900,11835200
2011-04-01,22.7000,28.7100,22.5500,26.6600,17419400
2011-03-25,23.0500,23.0500,21.7700,22.7500,2447600
2011-03-18,23.8200,24.0000,21.8000,22.9600,5265000
2011-03-11,24.9300,25.4000,23.5300,24.0700,6306100
2011-03-04,23.7400,24.9900,23.5000,24.9500,5041200
2011-02-25,22.8800,23.8500,21.1100,23.6100,6071800
2011-02-18,23.6400,25.4900,22.5600,23.1800,11341000
2011-02-11,23.2600,25.2500,22.7900,23.2500,8506200
2011-02-04,24.0500,24.7300,23.1500,23.4600,3163600
2011-01-28,23.5300,25.0800,23.2300,24.0100,5940600
2011-01-21,25.4800,25.6400,22.3700,23.0400,7490100
2011-01-14,28.1700,28.7100,25.6100,25.7500,5932900
2011-01-07,26.8400,28.5800,25.9000,28.2400,8226200
2010-12-31,28.0200,28.5800,25.0000,26.6300,20136400
2010-12-23,31.6400,32.8600,29.9200,30.0900,3687000
2010-12-17,31.6400,31.7700,27.7610,31.3600,4522100
2010-12-10,31.3500,32.9200,29.5600,31.5200,4081100
2010-12-03,35.4122,36.4200,30.8700,31.4900,7834500
2010-11-26,31.5700,36.0000,31.5000,35.3200,4883100
2010-11-19,30.2200,32.9395,28.4200,30.9900,6827100
2010-11-12,24.5000,30.5000,24.0300,29.8400,9200800
2010-11-05,21.9400,25.3300,21.0500,24.4400,4035900
2010-10-29,20.9400,21.8700,20.5100,21.8400,1640700
2010-10-22,20.5200,20.9500,20.0000,20.7200,1298700
2010-10-15,20.4400,21.0299,20.0300,20.5400,1312900
2010-10-08,20.4300,21.2800,20.3000,20.4300,1697800
2010-10-01,20.4000,22.1499,20.0500,20.6000,6395900
2010-09-24,20.6700,21.5500,19.5000,20.1000,3953400
2010-09-17,20.8900,23.1600,19.8000,20.2300,5583100
2010-09-10,20.6100,21.0500,19.7600,20.1700,1294600
2010-09-03,19.7000,21.3000,19.3300,21.0500,2350500
2010-08-27,19.0900,20.3891,18.5600,19.7000,3077900
2010-08-20,18.4500,19.5900,18.2616,19.1000,2410100
2010-08-13,19.9000,19.9800,17.3900,18.3200,4216600
2010-08-06,20.5000,22.1800,19.5200,19.5900,4399700
2010-07-30,21.5000,21.5000,19.5500,19.9400,3052000
2010-07-23,21.3700,22.2500,19.5000,21.2900,7175700
2010-07-16,17.9500,21.5000,16.9000,20.6400,15438900
2010-07-09,20.0000,20.0000,14.9800,17.4000,25550600
