timestamp,open,high,low,close,volume
2018-02-02,339.85,359.66,338.28,343.75,23333591
2018-02-09,337.97,348.62,294.76,310.42,37630091
2018-02-16,316.13,343.12,306.25,335.49,26081845
2018-02-23,334.47,354.99,331.5,352.05,19909850
2018-03-02,353.5,359.99,322.97,335.12,27095733
2018-03-09,332.39,337.75,321.74,327.17,22073470
2018-03-16,328.61,347.21,319.07,321.35,34502311
2018-03-23,316.5,322.44,300.45,301.54,29609674
2018-03-29,307.34,307.59,248.21,266.13,58192993
2018-04-06,256.26,309.28,244.59,299.3,87496485
2018-04-13,300.37,309.5,289.21,300.34,43693001
2018-04-20,299.0,301.01,282.51,290.24,31614738
2018-04-27,291.29,294.47,276.5,294.08,23312899
2018-05-04,293.61,306.85,275.23,294.09,43745629
2018-05-11,297.5,312.99,295.17,301.06,30666799
2018-05-18,303.32,304.94,274.0,276.82,34152495
2018-05-25,281.33,291.49,273.42,278.85,32165170
2018-06-01,278.51,295.01,276.15,291.82,24500433
2018-06-08,294.34,330.0,286.74,317.66,52110709
2018-06-15,322.51,364.67,322.5,358.17,66829957
2018-06-22,355.4,373.73,332.0,333.63,51451989
2018-06-29,330.12,357.02,325.8,342.95,37607919
2018-07-06,360.07,364.78,296.22,308.9,57384228
2018-07-13,311.99,327.68,308.0,318.87,33549263
2018-07-20,311.71,325.5,306.25,313.58,31520990
2018-07-27,301.84,310.7,292.55,297.18,38011759
2018-08-03,295.9,355.0,286.13,348.17,58891866
2018-08-10,345.46,387.46,339.15,355.49,92747117
2018-08-17,361.13,363.19,303.53,305.5,51574211
2018-08-24,291.7,327.32,288.2,322.82,45270370
2018-08-31,318.0,322.44,297.72,301.66,40767581
2018-09-07,296.94,298.19,252.25,263.24,46043981
2018-09-14,273.26,297.33,271.0,295.2,46574892
2018-09-21,290.04,305.98,275.5,299.1,44129916
2018-09-28,298.48,314.96,260.56,264.77,59326690
2018-10-05,305.77,316.84,260.0,261.95,69274845
2018-10-12,264.52,267.76,247.77,258.78,53717647
2018-10-19,259.06,282.7,253.5,260.0,39178641
2018-10-26,260.68,339.9,252.59,330.9,92952515
2018-11-02,337.47,349.2,322.26,346.41,47045182
2018-11-09,340.5,357.58,330.14,350.51,34157979
2018-11-16,348.37,355.7,330.34,354.31,29262317
2018-11-23,356.34,366.75,325.55,325.83,26603030
2018-11-30,325.0,351.6,325.0,350.48,27187638
2018-12-07,360.0,379.49,350.76,357.97,36122141
2018-12-14,360.0,377.87,353.12,365.71,31652681
2018-12-21,362.0,365.7,311.87,319.77,40136847
2018-12-28,313.5,336.24,294.09,333.87,32237176
2019-01-04,337.79,339.21,297.38,317.69,32320286
2019-01-11,321.72,348.41,317.75,347.26,31088092
2019-01-18,342.38,352.0,299.73,302.26,43823109
2019-01-25,304.82,308.0,279.28,297.04,39866967
2019-02-01,292.91,316.1,287.75,312.21,42147975
2019-02-08,312.98,324.24,298.5,305.8,31498216
2019-02-15,311.6,318.6,301.0,307.88,26894679
2019-02-22,306.56,311.54,290.5,294.71,25960300
2019-03-01,297.91,320.0,288.77,294.79,59824993
2019-03-08,298.12,299.0,270.1,284.14,64459151
2019-03-15,283.52,295.39,274.4,275.43,43630112
2019-03-22,276.0,278.05,263.46,264.53,43682541
2019-03-29,259.71,280.33,254.46,279.86,39110574
2019-04-05,282.62,296.17,260.59,274.96,58278229
2019-04-12,277.69,281.16,265.6,267.7,39957682
2019-04-18,268.63,275.0,258.63,273.26,28314302
2019-04-26,269.0,269.68,231.13,235.14,78028556
2019-05-03,235.86,256.61,231.5,255.03,78749568
2019-05-10,250.02,258.35,236.02,239.52,40861509
2019-05-17,232.01,234.5,208.92,211.03,50653123
2019-05-24,202.8,207.4,186.22,190.63,97898995
2019-05-31,191.2,195.0,184.1,185.16,40614746
2019-06-07,185.51,211.0,176.99,204.5,76628366
2019-06-14,210.25,223.38,207.51,214.92,53037782
2019-06-21,215.48,234.74,214.27,221.86,51673266
2019-06-28,223.24,227.23,217.35,223.46,33631144
2019-07-05,230.21,241.57,222.22,233.1,38763877
2019-07-12,231.24,245.38,227.28,245.08,37932064
2019-07-19,248.0,259.96,244.86,258.18,40726701
2019-07-26,258.75,266.07,222.25,228.04,55388178
2019-08-02,227.09,246.68,226.03,234.34,40956550
2019-08-09,229.6,239.8,225.75,235.01,26541572
2019-08-16,232.99,236.0,211.55,219.94,32534854
2019-08-23,224.21,229.09,211.0,211.4,32406687
2019-08-30,213.6,232.44,211.54,225.61,28209102
2019-09-06,224.08,229.8,219.21,227.45,22721936
2019-09-13,230.0,253.5,228.94,245.2,33623515
2019-09-20,246.0,248.17,238.16,240.62,24292507
2019-09-27,240.0,248.71,218.36,242.13,49978992
2019-10-04,243.0,245.95,224.28,231.43,41557942
2019-10-11,229.8,251.08,228.55,247.89,38525904
2019-10-18,247.9,264.78,247.13,256.95,33910553
2019-10-25,258.33,330.0,250.18,328.13,80686938
2019-11-01,327.54,340.84,309.8,313.31,52514801
2019-11-08,314.8,341.5,309.26,337.14,44212958
2019-11-15,343.95,356.33,342.0,352.17,37105201
2019-11-22,352.92,361.2,330.0,333.04,41859203
2019-11-29,344.32,344.57,327.1,329.94,28331092
2019-12-06,329.4,338.86,327.25,335.89,29587630
2019-12-13,336.59,365.21,335.08,358.39,39149822
2019-12-20,362.55,413.0,362.5,405.59,73766620
2019-12-27,411.78,435.31,410.0,430.38,41992657
2020-01-03,428.79,454.0,402.08,443.01,50246804
2020-01-10,440.47,498.8,440.0,478.15,101006048
2020-01-17,493.5,547.41,492.0,510.5,108103392
2020-01-24,530.25,594.5,528.41,564.82,82820940
2020-01-31,541.99,653.0,539.28,650.57,88338175
2020-02-07,673.69,968.99,673.52,748.07,213540363
2020-02-14,800.0,819.99,735.0,800.03,90392165
2020-02-21,841.6,944.78,832.36,901.0,74095666
2020-02-28,839.0,863.5,611.52,667.99,95477818
2020-03-06,711.26,806.98,684.27,703.48,84543546
2020-03-13,605.39,668.0,502.0,546.62,87631076
2020-03-20,469.5,494.87,350.51,427.53,126590011
2020-03-27,433.6,560.0,410.5,514.36,92371954
2020-04-03,510.26,542.96,446.4,480.01,85543235
2020-04-09,511.2,575.18,497.96,573.0,59127644
2020-04-17,590.16,774.95,580.53,753.89,110415032
2020-04-24,732.7,765.57,673.79,725.15,75654810
2020-05-01,737.61,869.82,683.04,701.32,113123049
2020-05-08,701.0,824.0,698.0,819.42,75009750
2020-05-15,790.51,843.29,763.3,799.17,75692613
2020-05-22,827.78,834.72,796.0,816.88,50813894
2020-05-29,834.5,835.0,785.0,835.0,38727529
2020-06-05,858.0,908.66,854.1,885.66,53299992
2020-06-12,919.0,1027.48,909.16,935.28,76806150
2020-06-19,917.79,1019.2,908.5,1000.9,58070741
2020-06-26,999.95,1012.0,937.15,959.74,41796671
2020-07-02,969.01,1228.0,948.5201,1208.66,56521929
2020-07-10,1276.69,1548.92,1266.04,1544.65,93458418
2020-07-17,1659.0,1794.99,1431.0,1500.84,102433380
2020-07-24,1519.01,1689.0,1366.5401,1417.0,90613325
2020-07-31,1435.0,1564.7,1413.0003,1430.76,61152261
2020-08-07,1449.2,1527.41,1415.01,1452.71,37091084
2020-08-14,1448.0,1668.8,1365.0,1650.71,71049854
2020-08-21,1677.0,2095.49,1672.83,2049.98,90804281
2020-08-28,2126.275,2318.49,1927.52,2213.4,88736115
2020-09-04,444.61,502.49,372.0201,418.32,500060538
2020-09-11,356.0,398.99,329.88,372.72,340579527
2020-09-18,380.95,461.94,373.3,442.15,416051578
2020-09-25,453.13,455.68,351.3,407.34,447901291
2020-10-02,424.62,448.88,411.6,415.09,270378010
2020-10-09,423.35,439.0,406.05,434.0,206343526
2020-10-16,442.0,465.9,436.6,439.67,189748425
2020-10-23,446.24,447.0,407.3801,420.63,174024764
2020-10-30,411.63,430.5,379.11,388.04,141620023
2020-11-06,394.0,440.0,392.3,429.95,145636427
2020-11-13,439.5,452.5,396.0301,408.5,122245822
2020-11-20,408.93,508.6112,404.0868,489.61,261458208
2020-11-27,503.5,598.78,501.79,585.76,188810315
2020-12-04,602.21,607.8,541.21,599.04,221865368
2020-12-11,604.9197,654.32,566.34,609.99,305424055
2020-12-18,619.0,695.0,605.0,695.0,417756359
2020-12-24,666.24,668.5,614.23,661.77,165945448
2020-12-31,674.51,718.72,655.0,705.67,146960321
2021-01-08,719.46,884.49,717.1895,880.02,252137795
2021-01-15,849.4,868.0,803.6222,826.16,208896134
2021-01-22,837.8,859.5,828.62,846.64,91697493
2021-01-29,855.0,900.4,780.1,793.53,153007757
2021-02-05,814.29,880.5,795.5601,852.23,102112291
2021-02-12,869.67,877.77,785.3306,816.12,116303534
2021-02-19,818.0,821.0,762.01,781.3,82596163
2021-02-26,762.64,768.5,619.0,675.5,217862425
2021-03-05,690.11,721.11,539.49,597.95,235272714
2021-03-12,600.55,717.85,558.79,693.73,249753690
2021-03-19,694.09,713.18,624.6201,654.87,178254604
2021-03-26,684.59,699.62,599.89,618.71,176876942
2021-04-01,615.64,692.4203,591.01,661.75,136705010
2021-04-09,707.71,708.16,667.84,677.02,141785455
2021-04-16,685.7,780.79,682.09,739.78,178634338
2021-04-23,719.6,753.77,691.8001,729.4,170514922
2021-04-30,741.0,749.3,666.14,709.44,152350715
2021-05-07,703.8,706.0,650.0,672.37,129938147
2021-05-14,664.9,665.05,559.65,589.74,189275731
2021-05-21,575.5531,596.68,546.98,580.88,165651036
2021-05-28,581.6,635.59,573.65,625.22,140310958
2021-06-04,627.8,633.8,571.22,599.05,95536458
2021-06-11,591.825,623.09,582.88,609.89,105306562
2021-06-18,612.23,628.35,593.5,623.31,107296122
2021-06-25,624.48,697.62,608.88,671.87,153549954
2021-07-02,671.64,700.0,670.32,678.9,103666230
2021-07-09,681.7115,684.0,620.46,656.95,82990274
2021-07-16,662.2,693.28,637.88,644.22,105114865
2021-07-23,629.89,664.8599,621.29,643.38,80448226
2021-07-30,650.97,697.53,627.24,687.2,133501299
2021-08-06,700.0,726.94,697.63,699.1,100781351
2021-08-13,710.17,729.9,699.4,717.17,72301742
2021-08-20,705.07,709.5,648.84,680.26,96329308
2021-08-27,685.442,716.97,680.7505,711.92,73041547
2021-09-03,714.715,741.99,712.73,733.57,80731775
2021-09-10,740.0,764.45,734.5201,736.27,68094762
2021-09-17,740.2143,761.04,708.85,759.49,98962617
2021-09-24,734.5577,774.8,718.6249,774.39,89535196
2021-10-01,773.12,799.0,763.59,775.22,109382331
2021-10-08,796.5,806.9699,773.22,785.49,99483120
2021-10-15,787.65,843.21,785.5,843.03,81512174
2021-10-22,851.79,910.0,851.47,909.68,109982713
2021-10-29,950.53,1115.21,944.2,1114.0,220925116
2021-11-05,1145.0,1243.49,1118.66,1222.09,178974628
2021-11-12,1149.785,1197.0,987.31,1033.42,182318404
2021-11-19,1017.63,1138.7199,978.6,1137.06,135304561
2021-11-26,1162.33,1201.95,1062.0,1081.92,103485337
2021-12-03,1100.99,1172.8399,1000.21,1014.97,124636821
2021-12-10,1001.51,1072.38,950.5,1017.03,99585638
2021-12-17,1001.09,1005.0,909.0401,932.57,136074239
2021-12-23,910.7,1072.9767,886.12,1067.0,104781767
2021-12-31,1073.67,1118.9999,1053.15,1056.78,91687786
2022-01-07,1147.75,1208.0,1010.0,1026.96,153185108
2022-01-14,1000.0,1115.6,980.0,1049.61,136822673
2022-01-21,1026.605,1070.7899,940.5,943.9,104996884
2022-01-28,904.76,987.69,792.01,846.35,208578950
2022-02-04,872.71,943.7,862.05,923.32,132282831
2022-02-11,923.79,947.77,850.7,860.0,103251907
2022-02-18,861.57,926.4299,837.61,856.98,100126871
2022-02-25,834.13,856.7338,700.0,809.87,129603556
2022-03-04,815.01,889.88,814.7075,838.29,125740178
2022-03-11,856.3,866.14,782.17,795.35,112587689
2022-03-18,780.61,907.85,756.04,905.39,129644892
2022-03-25,914.98,1040.7,907.09,1010.64,145219138
2022-04-01,1065.1,1114.77,1053.6,1084.59,113080628
2022-04-08,1089.38,1152.87,1021.5401,1025.49,128187848
2022-04-14,980.4,1026.24,973.097,985.0,79625639
2022-04-22,989.03,1092.22,973.41,1005.05,113841457
2022-04-29,978.97,1008.62,821.7,870.76,164154275
2022-05-06,860.77,955.5,843.105,865.65,128677405
2022-05-13,836.45,845.63,680.0,769.59,168299966
2022-05-20,767.16,769.76,633.0,663.9,163138813
2022-05-27,655.02,759.8,620.57,759.63,155144601
2022-06-03,773.84,792.63,700.2534,703.55,128343063
2022-06-10,733.06,766.6399,683.74,696.69,142601983
2022-06-17,669.5,706.9899,626.08,650.28,173306821
2022-06-24,673.81,740.5,673.0,737.12,141431196
2022-07-01,748.1,756.21,656.59,681.79,143934321
2022-07-08,669.0,764.9399,648.5001,752.29,113472506
2022-07-15,756.31,759.19,675.1,720.2,144545065
2022-07-22,734.81,842.36,710.93,816.73,165932217
2022-07-29,816.65,894.96,768.79,891.45,133013375
2022-08-05,903.825,940.82,856.634,864.51,159380225
2022-08-12,885.0,915.6,838.06,900.09,143447053
2022-08-19,905.36,944.0,877.5,890.0,118385794
2022-08-26,875.74,910.94,287.47,288.09,169020694
2022-09-02,282.83,288.48,266.15,270.21,249374939
2022-09-09,272.675,299.85,265.74,299.68,213818141
2022-09-16,300.72,309.12,290.4,303.35,341416185
2022-09-23,300.09,313.8,272.82,275.33,318285640
2022-09-30,271.83,289.0,262.47,265.25,320014147
2022-10-07,254.5,257.5,222.02,223.07,448139986
2022-10-14,223.93,226.99,204.16,204.99,397406475
2022-10-21,210.04,229.82,202.0,214.44,415404010
2022-10-28,205.82,233.81,198.5863,228.52,413072923
2022-11-04,226.19,237.3951,203.08,207.47,342474516
2022-11-11,208.65,208.9,177.12,195.97,596889173
2022-11-18,192.77,200.8237,176.55,180.19,390472869
2022-11-25,175.85,185.2,166.185,182.86,331544487
2022-12-02,179.96,198.92,178.75,194.86,439273798
2022-12-09,189.44,191.27,169.06,179.05,471983601
2022-12-16,176.1,177.37,150.04,150.23,687706165
2022-12-23,154.0,155.25,121.02,123.15,821451251
2022-12-30,117.495,124.48,108.24,123.18,809414633
2023-01-06,118.47,118.8,101.81,113.06,790689169
2023-01-13,118.96,125.95,114.92,122.4,891852239
2023-01-20,125.695,136.68,124.3082,133.42,691307319
2023-01-27,135.87,180.68,134.27,177.9,1095958317
2023-02-03,178.05,199.0,162.78,189.98,1091608981
2023-02-10,193.01,214.0,189.55,196.89,973057671
2023-02-17,194.415,217.65,187.61,208.31,1014364828
2023-02-24,204.99,209.71,191.78,196.88,660435100
2023-03-03,202.03,211.23,186.01,197.79,807198448
2023-03-10,198.54,198.6,168.44,173.44,789636325
2023-03-17,167.455,186.2199,163.91,180.13,712075329
2023-03-24,178.08,200.66,176.35,190.41,694177636
2023-03-31,194.415,207.79,185.43,207.46,623640604
2023-04-06,199.91,202.6897,179.74,185.06,553750170
2023-04-14,179.94,191.5846,176.11,185.0,617553456
2023-04-21,186.32,189.69,160.56,165.08,668486597
2023-04-28,164.65,165.65,152.37,164.31,663783956
2023-05-05,163.17,170.7899,158.83,170.06,559718515
2023-05-12,173.72,177.38,166.56,167.98,582794740
2023-05-19,167.655,181.95,164.35,180.14,575071860
2023-05-26,180.7,198.6,178.22,193.17,685490829
2023-06-02,200.1,217.25,195.12,213.97,590603323
2023-06-09,217.8,252.42,212.53,244.4,848497515
2023-06-16,247.94,263.6,244.59,260.54,811787289
2023-06-23,261.5,276.99,248.25,256.6,721745073
2023-06-30,250.065,264.45,240.7,261.77,748633707
2023-07-07,276.49,284.25,272.88,274.43,485803346
2023-07-14,276.47,285.3,265.1,281.38,539813729
2023-07-21,286.625,299.29,255.8,260.02,723314005
2023-07-28,255.85,272.9,254.12,266.44,560761830
2023-08-04,267.48,269.08,250.49,253.86,467350209
2023-08-11,251.45,253.6511,238.02,242.65,517873700
2023-08-18,235.7,240.66,212.36,215.49,556272451
2023-08-25,221.5512,240.82,220.58,238.59,573767855
2023-09-01,242.58,261.18,235.35,245.01,605113105
2023-09-08,245.0,258.0,243.265,248.5,480301845
2023-09-15,264.27,278.98,260.61,274.39,663743610
2023-09-22,271.16,273.93,244.48,244.88,575237587
2023-09-29,243.38,254.77,234.58,250.22,588808971
